{"stats":{"minecraft:killed":{"minecraft:pig":2},"minecraft:dropped":{"minecraft:observer":1,"minecraft:magma_block":640,"minecraft:blue_shulker_box":1,"minecraft:lime_carpet":4,"minecraft:netherite_helmet":2,"minecraft:glass":1,"minecraft:netherite_chestplate":1,"minecraft:grindstone":449,"minecraft:weathered_copper_bulb":192,"minecraft:black_concrete":2,"minecraft:powder_snow_bucket":1,"minecraft:redstone_lamp":1,"minecraft:minecart":5,"minecraft:jukebox":1,"minecraft:mace":1,"minecraft:redstone":1,"minecraft:purple_wool":2,"minecraft:orange_carpet":6,"minecraft:netherite_leggings":1,"minecraft:music_disc_wait":1,"minecraft:oak_slab":4,"minecraft:end_portal_frame":1,"minecraft:yellow_shulker_box":1,"minecraft:scaffolding":1,"minecraft:bell":1,"minecraft:redstone_torch":1,"minecraft:glow_lichen":1153,"minecraft:magenta_wool":2,"minecraft:pearlescent_froglight":1536,"minecraft:sandstone":5,"minecraft:torch":1,"minecraft:clock":1,"minecraft:lantern":1,"minecraft:loom":448,"minecraft:ender_eye":1,"minecraft:oxidized_copper_bulb":192,"minecraft:black_wool":6,"minecraft:test_block":1,"minecraft:green_carpet":1,"minecraft:blue_wool":1,"minecraft:oak_fence":2,"minecraft:oak_pressure_plate":16,"minecraft:sculk":1,"minecraft:repeating_command_block":1,"minecraft:rail":2,"minecraft:lever":1,"minecraft:bedrock":1,"minecraft:brown_shulker_box":1,"minecraft:end_rod":1,"minecraft:light_gray_terracotta":2,"minecraft:spyglass":1,"minecraft:netherite_block":1,"minecraft:light_blue_banner":1,"minecraft:tripwire_hook":1,"minecraft:oak_planks":4,"minecraft:music_disc_chirp":1,"minecraft:yellow_carpet":2,"minecraft:beacon":1,"minecraft:chain":1,"minecraft:piston":2,"minecraft:armor_stand":1,"minecraft:white_shulker_box":1,"minecraft:smoker":256,"minecraft:redstone_block":1,"minecraft:orange_shulker_box":1,"minecraft:white_carpet":1,"minecraft:oak_log":2,"minecraft:lightning_rod":2,"minecraft:oak_sign":1,"minecraft:light_weighted_pressure_plate":2,"minecraft:white_terracotta":1,"minecraft:ochre_froglight":128,"minecraft:fletching_table":64,"minecraft:ladder":1,"minecraft:oak_button":1,"minecraft:music_disc_far":1,"minecraft:red_carpet":1,"minecraft:verdant_froglight":389,"minecraft:wind_charge":65,"minecraft:potion":2,"minecraft:diamond_helmet":1,"minecraft:white_wool":1,"minecraft:music_disc_13":1,"minecraft:diamond_boots":1,"minecraft:diamond_chestplate":1,"minecraft:diamond_leggings":1,"minecraft:moss_carpet":1,"minecraft:note_block":1,"minecraft:pink_shulker_box":1,"minecraft:pink_wool":21,"minecraft:smithing_table":448,"minecraft:dispenser":2,"minecraft:pumpkin_pie":1,"minecraft:crying_obsidian":960,"minecraft:water_bucket":1,"minecraft:stone_button":1,"minecraft:exposed_copper_bulb":128,"minecraft:furnace":705,"minecraft:oak_stairs":3,"minecraft:magenta_shulker_box":1,"minecraft:red_shulker_box":1,"minecraft:command_block":1,"minecraft:cake":1,"minecraft:blast_furnace":3,"minecraft:waxed_copper_bulb":320,"minecraft:cod":5,"minecraft:gray_wool":2,"minecraft:shroomlight":64,"minecraft:painting":1,"minecraft:green_shulker_box":1},"minecraft:used":{"minecraft:netherite_block":153,"minecraft:kelp":2,"minecraft:cactus":2,"minecraft:end_crystal":3,"minecraft:white_banner":5,"minecraft:shulker_box":3,"minecraft:cherry_planks":55,"minecraft:campfire":24,"minecraft:pink_wool":1,"minecraft:red_shulker_box":2,"minecraft:reinforced_deepslate":16,"minecraft:ender_eye":32,"minecraft:glass":270,"minecraft:black_terracotta":93,"minecraft:yellow_carpet":39,"minecraft:detector_rail":1,"minecraft:deepslate_copper_ore":1,"minecraft:coal_ore":1,"minecraft:oak_log":224,"minecraft:sea_lantern":4,"minecraft:barrier":46,"minecraft:powder_snow_bucket":77,"minecraft:white_carpet":66,"minecraft:pale_oak_stairs":22,"minecraft:jungle_slab":22,"minecraft:hopper_minecart":1,"minecraft:armor_stand":35,"minecraft:green_shulker_box":2,"minecraft:honey_block":66,"minecraft:magenta_shulker_box":2,"minecraft:oak_hanging_sign":3,"minecraft:orange_dye":1,"minecraft:anvil":1,"minecraft:budding_amethyst":1,"minecraft:light_blue_stained_glass":9,"minecraft:written_book":2,"minecraft:sand":7,"minecraft:wind_charge":1421,"minecraft:redstone_block":133,"minecraft:lodestone":2,"minecraft:glow_ink_sac":12,"minecraft:bucket":1,"minecraft:pale_oak_pressure_plate":2,"minecraft:oak_sapling":24,"minecraft:iron_door":29,"minecraft:bedrock":14,"minecraft:diamond_block":106,"minecraft:oak_trapdoor":6,"minecraft:oak_fence":384,"minecraft:grass_block":312,"minecraft:string":28,"minecraft:cherry_leaves":34,"minecraft:honeycomb":9,"minecraft:deepslate":5,"minecraft:oak_boat":18,"minecraft:firework_rocket":378,"minecraft:sculk_shrieker":23,"minecraft:verdant_froglight":595,"minecraft:ochre_froglight":29,"minecraft:stone_bricks":14,"minecraft:minecart":77,"minecraft:light_blue_wool":18,"minecraft:redstone":22,"minecraft:pale_oak_planks":22,"minecraft:cobblestone":1,"minecraft:stone":9,"minecraft:chain":72,"minecraft:crafting_table":2,"minecraft:spruce_trapdoor":36,"minecraft:red_dye":2,"minecraft:sculk":22,"minecraft:target":4,"minecraft:potion":4,"minecraft:pink_carpet":1,"minecraft:glow_item_frame":6,"minecraft:stripped_acacia_log":6,"minecraft:scaffolding":1,"minecraft:light_blue_banner":24,"minecraft:moss_carpet":95,"minecraft:black_concrete":2355,"minecraft:water_bucket":189,"minecraft:soul_sand":2,"minecraft:torch":10,"minecraft:pink_dye":5,"minecraft:deepslate_redstone_ore":4,"minecraft:brown_dye":1,"minecraft:beacon":56,"minecraft:white_wool":359,"minecraft:redstone_lamp":1,"minecraft:sculk_sensor":8,"minecraft:amethyst_block":1,"minecraft:chest":48,"minecraft:cauldron":14,"minecraft:sandstone":996,"minecraft:big_dripleaf":231,"minecraft:stone_brick_wall":28,"minecraft:painting":17,"minecraft:crying_obsidian":23,"minecraft:yellow_shulker_box":2,"minecraft:repeater":1,"minecraft:player_head":1,"minecraft:respawn_anchor":2,"minecraft:spruce_pressure_plate":1,"minecraft:iron_block":4,"minecraft:netherite_shovel":4,"minecraft:test_instance_block":1,"minecraft:sticky_piston":86,"minecraft:black_carpet":2,"minecraft:oak_sign":355,"minecraft:light_weighted_pressure_plate":41,"minecraft:lantern":27,"minecraft:soul_lantern":8,"minecraft:activator_rail":5,"minecraft:jungle_fence":21,"minecraft:bricks":7,"minecraft:blue_shulker_box":2,"minecraft:tinted_glass":49,"minecraft:grindstone":16,"minecraft:jukebox":2,"minecraft:stone_pressure_plate":1,"minecraft:lightning_rod":14,"minecraft:deepslate_diamond_ore":7,"minecraft:light_blue_carpet":21,"minecraft:bone_meal":158,"minecraft:white_shulker_box":2,"minecraft:lime_wool":12,"minecraft:obsidian":1,"minecraft:lime_carpet":7,"minecraft:stripped_birch_wood":4,"minecraft:oak_chest_boat":1,"minecraft:oak_leaves":21,"minecraft:dispenser":11,"minecraft:test_block":18,"minecraft:rail":150,"minecraft:pale_oak_fence":3,"minecraft:deepslate_gold_ore":1,"minecraft:red_mushroom_block":35,"minecraft:waxed_copper_bulb":13,"minecraft:spyglass":254,"minecraft:powered_rail":99,"minecraft:splash_potion":386,"minecraft:resin_brick_slab":5,"minecraft:oak_planks":159,"minecraft:end_rod":28,"minecraft:dropper":2,"minecraft:orange_shulker_box":2,"minecraft:pink_shulker_box":2,"minecraft:observer":129,"minecraft:netherite_sword":2,"minecraft:light_blue_shulker_box":2,"minecraft:cherry_sapling":2,"minecraft:elytra":1,"minecraft:ladder":22,"minecraft:command_block":11,"minecraft:blast_furnace":2,"minecraft:mossy_stone_bricks":30,"minecraft:deepslate_emerald_ore":1,"minecraft:stripped_cherry_log":1,"minecraft:piston":27,"minecraft:lava_bucket":5,"minecraft:pearlescent_froglight":2,"minecraft:pale_oak_slab":9,"minecraft:oak_slab":432,"minecraft:mace":153,"minecraft:hopper":3,"minecraft:note_block":26,"minecraft:blue_stained_glass":52,"minecraft:oak_pressure_plate":21,"minecraft:oak_fence_gate":14,"minecraft:lime_dye":2,"minecraft:white_bed":2,"minecraft:gold_block":4,"minecraft:pig_spawn_egg":2,"minecraft:light_blue_dye":5,"minecraft:cherry_fence":9,"minecraft:slime_block":144,"minecraft:repeating_command_block":3,"minecraft:deepslate_lapis_ore":3,"minecraft:wither_skeleton_skull":4,"minecraft:pale_oak_log":1,"minecraft:furnace":8,"minecraft:barrel":1,"minecraft:lever":9,"minecraft:oak_button":9,"minecraft:blue_ice":1,"minecraft:white_glazed_terracotta":6,"minecraft:tripwire_hook":9,"minecraft:stone_button":63,"minecraft:spruce_button":4,"minecraft:composter":42,"minecraft:oak_stairs":228,"minecraft:cherry_log":1,"minecraft:ender_chest":7,"minecraft:redstone_torch":4,"minecraft:end_portal_frame":73,"minecraft:brown_shulker_box":2},"minecraft:custom":{"minecraft:time_since_rest":290585,"minecraft:leave_game":19,"minecraft:damage_taken":222477,"minecraft:mob_kills":2,"minecraft:boat_one_cm":8147,"minecraft:open_shulker_box":1910,"minecraft:interact_with_beacon":6,"minecraft:time_since_death":290584,"minecraft:aviate_one_cm":3625005,"minecraft:open_enderchest":4,"minecraft:interact_with_furnace":2,"minecraft:inspect_dispenser":834,"minecraft:swim_one_cm":2098,"minecraft:total_world_time":3328151,"minecraft:crouch_one_cm":120054,"minecraft:climb_one_cm":3663,"minecraft:deaths":3880,"minecraft:minecart_one_cm":317905,"minecraft:inspect_dropper":6,"minecraft:walk_one_cm":924525,"minecraft:walk_under_water_one_cm":47873,"minecraft:damage_dealt":200,"minecraft:play_time":3328151,"minecraft:jump":12235,"minecraft:play_record":10,"minecraft:drop":313,"minecraft:open_barrel":4,"minecraft:sprint_one_cm":1532280,"minecraft:open_chest":7,"minecraft:fill_cauldron":14,"minecraft:fall_one_cm":2732293,"minecraft:tune_noteblock":295092,"minecraft:fly_one_cm":6895649,"minecraft:interact_with_anvil":1,"minecraft:walk_on_water_one_cm":17538,"minecraft:sneak_time":72855,"minecraft:interact_with_grindstone":1},"minecraft:picked_up":{"minecraft:crying_obsidian":960,"minecraft:light_weighted_pressure_plate":1,"minecraft:pearlescent_froglight":1536,"minecraft:stone_button":2,"minecraft:rail":46,"minecraft:minecart":16,"minecraft:weathered_copper_bulb":192,"minecraft:glass":1,"minecraft:magma_block":640,"minecraft:lever":1,"minecraft:verdant_froglight":385,"minecraft:note_block":1,"minecraft:command_block":1,"minecraft:exposed_copper_bulb":128,"minecraft:glow_lichen":1153,"minecraft:oxidized_copper_bulb":192,"minecraft:big_dripleaf":29,"minecraft:redstone_lamp":1,"minecraft:oak_stairs":3,"minecraft:moss_carpet":2,"minecraft:furnace":704,"minecraft:smoker":256,"minecraft:piston":2,"minecraft:ochre_froglight":128,"minecraft:porkchop":6,"minecraft:armor_stand":4,"minecraft:oak_pressure_plate":20,"minecraft:powered_rail":6,"minecraft:oak_planks":2,"minecraft:shroomlight":64,"minecraft:fletching_table":64,"minecraft:blast_furnace":3,"minecraft:dispenser":2,"minecraft:loom":448,"minecraft:kelp":63,"minecraft:observer":1,"minecraft:grindstone":448,"minecraft:wind_charge":65,"minecraft:oak_sign":116,"minecraft:bedrock":1,"minecraft:smithing_table":448,"minecraft:repeating_command_block":1,"minecraft:mace":1,"minecraft:oak_slab":2,"minecraft:white_carpet":36,"minecraft:sandstone":1,"minecraft:waxed_copper_bulb":320}},"DataVersion":4325}