{"stats":{"minecraft:custom":{"minecraft:jump":300,"minecraft:time_since_rest":8978,"minecraft:walk_on_water_one_cm":66,"minecraft:open_shulker_box":2,"minecraft:deaths":56,"minecraft:sprint_one_cm":26559,"minecraft:crouch_one_cm":12887,"minecraft:damage_taken":26620,"minecraft:leave_game":2,"minecraft:play_time":40829,"minecraft:time_since_death":8977,"minecraft:walk_one_cm":34582,"minecraft:sneak_time":5281,"minecraft:climb_one_cm":649,"minecraft:total_world_time":40829,"minecraft:tune_noteblock":1,"minecraft:fall_one_cm":361202,"minecraft:fly_one_cm":87517},"minecraft:used":{"minecraft:ender_pearl":59,"minecraft:written_book":6,"minecraft:wind_charge":158}},"DataVersion":4082}