{"stats":{"minecraft:custom":{"minecraft:time_since_rest":14943,"minecraft:leave_game":15,"minecraft:damage_taken":19902,"minecraft:mob_kills":2,"minecraft:boat_one_cm":380,"minecraft:open_shulker_box":1873,"minecraft:time_since_death":14943,"minecraft:aviate_one_cm":272888,"minecraft:inspect_dispenser":834,"minecraft:total_world_time":2700243,"minecraft:crouch_one_cm":68497,"minecraft:deaths":2408,"minecraft:climb_one_cm":2172,"minecraft:minecart_one_cm":317905,"minecraft:walk_one_cm":426650,"minecraft:walk_under_water_one_cm":26584,"minecraft:damage_dealt":200,"minecraft:play_time":2700243,"minecraft:jump":8313,"minecraft:drop":215,"minecraft:sprint_one_cm":943811,"minecraft:open_chest":3,"minecraft:fill_cauldron":1,"minecraft:fall_one_cm":389808,"minecraft:tune_noteblock":295092,"minecraft:fly_one_cm":3982987,"minecraft:interact_with_anvil":1,"minecraft:walk_on_water_one_cm":7278,"minecraft:sneak_time":50477},"minecraft:used":{"minecraft:crying_obsidian":23,"minecraft:painting":2,"minecraft:netherite_block":67,"minecraft:repeater":1,"minecraft:player_head":1,"minecraft:kelp":2,"minecraft:cactus":2,"minecraft:shulker_box":3,"minecraft:cherry_planks":19,"minecraft:campfire":12,"minecraft:sticky_piston":86,"minecraft:glass":270,"minecraft:oak_sign":339,"minecraft:lantern":25,"minecraft:light_weighted_pressure_plate":41,"minecraft:soul_lantern":8,"minecraft:activator_rail":5,"minecraft:yellow_carpet":29,"minecraft:bricks":2,"minecraft:detector_rail":1,"minecraft:sea_lantern":1,"minecraft:barrier":2,"minecraft:tinted_glass":49,"minecraft:white_carpet":62,"minecraft:hopper_minecart":1,"minecraft:armor_stand":33,"minecraft:stone_pressure_plate":1,"minecraft:honey_block":58,"minecraft:light_blue_carpet":21,"minecraft:bone_meal":62,"minecraft:anvil":1,"minecraft:lime_wool":12,"minecraft:budding_amethyst":1,"minecraft:light_blue_stained_glass":9,"minecraft:written_book":2,"minecraft:lime_carpet":7,"minecraft:sand":6,"minecraft:wind_charge":1421,"minecraft:redstone_block":114,"minecraft:oak_chest_boat":1,"minecraft:stripped_birch_wood":4,"minecraft:oak_leaves":2,"minecraft:dispenser":9,"minecraft:glow_ink_sac":6,"minecraft:rail":150,"minecraft:bucket":1,"minecraft:powered_rail":99,"minecraft:spyglass":205,"minecraft:oak_planks":33,"minecraft:end_rod":16,"minecraft:bedrock":14,"minecraft:oak_fence":138,"minecraft:grass_block":244,"minecraft:string":26,"minecraft:observer":129,"minecraft:honeycomb":4,"minecraft:netherite_sword":2,"minecraft:sculk_shrieker":23,"minecraft:verdant_froglight":252,"minecraft:ladder":13,"minecraft:ochre_froglight":29,"minecraft:command_block":9,"minecraft:mossy_stone_bricks":25,"minecraft:stripped_cherry_log":1,"minecraft:minecart":77,"minecraft:piston":27,"minecraft:lava_bucket":4,"minecraft:light_blue_wool":17,"minecraft:redstone":8,"minecraft:oak_slab":132,"minecraft:mace":153,"minecraft:hopper":1,"minecraft:chain":33,"minecraft:note_block":22,"minecraft:red_dye":2,"minecraft:blue_stained_glass":47,"minecraft:oak_pressure_plate":17,"minecraft:lime_dye":2,"minecraft:white_bed":2,"minecraft:pig_spawn_egg":2,"minecraft:light_blue_dye":1,"minecraft:moss_carpet":95,"minecraft:water_bucket":23,"minecraft:cherry_fence":9,"minecraft:slime_block":103,"minecraft:soul_sand":2,"minecraft:repeating_command_block":2,"minecraft:pale_oak_log":1,"minecraft:pink_dye":1,"minecraft:lever":5,"minecraft:oak_button":2,"minecraft:blue_ice":1,"minecraft:white_glazed_terracotta":6,"minecraft:stone_button":8,"minecraft:composter":39,"minecraft:white_wool":132,"minecraft:beacon":22,"minecraft:oak_stairs":99,"minecraft:redstone_lamp":1,"minecraft:amethyst_block":1,"minecraft:end_portal_frame":26,"minecraft:cauldron":1,"minecraft:sandstone":577,"minecraft:big_dripleaf":231},"minecraft:picked_up":{"minecraft:crying_obsidian":960,"minecraft:light_weighted_pressure_plate":1,"minecraft:pearlescent_froglight":1536,"minecraft:stone_button":2,"minecraft:rail":46,"minecraft:minecart":16,"minecraft:weathered_copper_bulb":192,"minecraft:glass":1,"minecraft:magma_block":640,"minecraft:lever":1,"minecraft:verdant_froglight":385,"minecraft:note_block":1,"minecraft:command_block":1,"minecraft:glow_lichen":1153,"minecraft:exposed_copper_bulb":128,"minecraft:oxidized_copper_bulb":192,"minecraft:big_dripleaf":29,"minecraft:redstone_lamp":1,"minecraft:oak_stairs":3,"minecraft:moss_carpet":2,"minecraft:furnace":704,"minecraft:smoker":256,"minecraft:piston":2,"minecraft:ochre_froglight":128,"minecraft:porkchop":6,"minecraft:armor_stand":4,"minecraft:oak_pressure_plate":20,"minecraft:powered_rail":6,"minecraft:oak_planks":2,"minecraft:shroomlight":64,"minecraft:fletching_table":64,"minecraft:dispenser":2,"minecraft:loom":448,"minecraft:blast_furnace":3,"minecraft:grindstone":448,"minecraft:kelp":63,"minecraft:observer":1,"minecraft:oak_sign":116,"minecraft:wind_charge":65,"minecraft:bedrock":1,"minecraft:smithing_table":448,"minecraft:repeating_command_block":1,"minecraft:mace":1,"minecraft:oak_slab":2,"minecraft:white_carpet":36,"minecraft:sandstone":1,"minecraft:waxed_copper_bulb":320},"minecraft:dropped":{"minecraft:observer":1,"minecraft:oak_planks":2,"minecraft:magma_block":640,"minecraft:yellow_carpet":1,"minecraft:lime_carpet":1,"minecraft:glass":1,"minecraft:grindstone":448,"minecraft:weathered_copper_bulb":192,"minecraft:chain":1,"minecraft:piston":2,"minecraft:smoker":256,"minecraft:redstone_lamp":1,"minecraft:minecart":5,"minecraft:mace":1,"minecraft:purple_wool":2,"minecraft:oak_slab":3,"minecraft:light_weighted_pressure_plate":2,"minecraft:ochre_froglight":128,"minecraft:white_terracotta":1,"minecraft:glow_lichen":1153,"minecraft:magenta_wool":2,"minecraft:fletching_table":64,"minecraft:oak_button":1,"minecraft:pearlescent_froglight":1536,"minecraft:verdant_froglight":385,"minecraft:sandstone":1,"minecraft:wind_charge":65,"minecraft:lantern":1,"minecraft:loom":448,"minecraft:oxidized_copper_bulb":192,"minecraft:white_wool":1,"minecraft:green_carpet":1,"minecraft:moss_carpet":1,"minecraft:note_block":1,"minecraft:oak_pressure_plate":15,"minecraft:pink_wool":21,"minecraft:repeating_command_block":1,"minecraft:rail":2,"minecraft:lever":1,"minecraft:smithing_table":448,"minecraft:dispenser":2,"minecraft:crying_obsidian":960,"minecraft:bedrock":1,"minecraft:exposed_copper_bulb":128,"minecraft:furnace":704,"minecraft:oak_stairs":3,"minecraft:command_block":1,"minecraft:light_gray_terracotta":2,"minecraft:blast_furnace":3,"minecraft:waxed_copper_bulb":320,"minecraft:shroomlight":64},"minecraft:killed":{"minecraft:pig":2}},"DataVersion":4325}