{"stats":{"minecraft:custom":{"minecraft:eat_cake_slice":10,"minecraft:time_since_rest":124775,"minecraft:leave_game":45,"minecraft:damage_taken":327460,"minecraft:open_shulker_box":211,"minecraft:time_since_death":124774,"minecraft:open_enderchest":1,"minecraft:interact_with_brewingstand":1,"minecraft:swim_one_cm":5661,"minecraft:total_world_time":4012760,"minecraft:crouch_one_cm":301867,"minecraft:deaths":1257,"minecraft:climb_one_cm":86590,"minecraft:minecart_one_cm":3944,"minecraft:walk_one_cm":850630,"minecraft:walk_under_water_one_cm":64183,"minecraft:play_time":3605908,"minecraft:jump":19731,"minecraft:drop":84,"minecraft:sprint_one_cm":2465179,"minecraft:open_chest":20,"minecraft:fall_one_cm":3904719,"minecraft:tune_noteblock":30566,"minecraft:fly_one_cm":9439177,"minecraft:interact_with_anvil":5,"minecraft:walk_on_water_one_cm":40632,"minecraft:sneak_time":144059},"minecraft:used":{"minecraft:stone_brick_wall":8,"minecraft:crying_obsidian":17,"minecraft:painting":71,"minecraft:repeater":60,"minecraft:cactus":21,"minecraft:white_banner":4,"minecraft:netherite_shovel":4,"minecraft:shulker_box":8,"minecraft:cherry_planks":28,"minecraft:campfire":18,"minecraft:red_shulker_box":1,"minecraft:sticky_piston":31,"minecraft:glass":137,"minecraft:jungle_planks":4,"minecraft:oak_sign":120,"minecraft:creeper_head":5,"minecraft:glass_pane":576,"minecraft:emerald_ore":5,"minecraft:lantern":8,"minecraft:light_blue_candle":6,"minecraft:granite":18,"minecraft:jungle_fence":34,"minecraft:copper_ore":4,"minecraft:light_gray_stained_glass_pane":1,"minecraft:bricks":51,"minecraft:birch_fence":10,"minecraft:coal_ore":2,"minecraft:crafter":3,"minecraft:oak_log":45,"minecraft:sea_lantern":66,"minecraft:barrier":21,"minecraft:tinted_glass":149,"minecraft:powder_snow_bucket":213,"minecraft:white_carpet":7,"minecraft:oak_door":38,"minecraft:dark_oak_hanging_sign":3,"minecraft:stone_pressure_plate":16,"minecraft:spruce_hanging_sign":2,"minecraft:vine":46,"minecraft:magenta_glazed_terracotta":41,"minecraft:stripped_jungle_wood":1,"minecraft:fire_charge":23,"minecraft:redstone_ore":5,"minecraft:birch_planks":69,"minecraft:honey_block":89,"minecraft:sculk_catalyst":10,"minecraft:dragon_head":1,"minecraft:item_frame":1,"minecraft:oak_hanging_sign":5,"minecraft:yellow_dye":3,"minecraft:anvil":6,"minecraft:birch_fence_gate":3,"minecraft:budding_amethyst":8,"minecraft:light_blue_stained_glass":43,"minecraft:written_book":238,"minecraft:sand":35,"minecraft:glow_lichen":8,"minecraft:stripped_bamboo_block":14,"minecraft:wind_charge":1718,"minecraft:redstone_block":27,"minecraft:stripped_birch_wood":49,"minecraft:pink_stained_glass":9,"minecraft:diamond_ore":5,"minecraft:light":17,"minecraft:dispenser":2,"minecraft:glow_ink_sac":15,"minecraft:waxed_copper_bulb":3,"minecraft:stone_brick_stairs":9,"minecraft:powered_rail":25,"minecraft:iron_trapdoor":19,"minecraft:splash_potion":2,"minecraft:oak_planks":1094,"minecraft:end_rod":29,"minecraft:iron_ore":2,"minecraft:iron_door":25,"minecraft:bedrock":4,"minecraft:diamond_block":1,"minecraft:oak_fence":118,"minecraft:oak_trapdoor":35,"minecraft:string":13,"minecraft:jungle_sign":2,"minecraft:observer":46,"minecraft:honeycomb":21,"minecraft:chain_command_block":322,"minecraft:birch_slab":66,"minecraft:brown_carpet":30,"minecraft:andesite":25,"minecraft:copper_grate":72,"minecraft:tnt":1,"minecraft:acacia_log":30,"minecraft:verdant_froglight":514,"minecraft:stone_brick_slab":15,"minecraft:ladder":27,"minecraft:ochre_froglight":874,"minecraft:stone_bricks":2,"minecraft:command_block":151,"minecraft:magma_block":83,"minecraft:mossy_stone_bricks":45,"minecraft:stripped_cherry_log":26,"minecraft:minecart":1,"minecraft:brewing_stand":1,"minecraft:weeping_vines":20,"minecraft:piston":29,"minecraft:lava_bucket":13,"minecraft:redstone":108,"minecraft:oak_slab":199,"minecraft:cobblestone":103,"minecraft:stone":35,"minecraft:chain":39,"minecraft:note_block":7,"minecraft:stripped_birch_log":22,"minecraft:spruce_sign":1,"minecraft:spruce_trapdoor":61,"minecraft:red_dye":1,"minecraft:blue_stained_glass":28,"minecraft:oak_pressure_plate":88,"minecraft:potion":5,"minecraft:oak_fence_gate":4,"minecraft:lime_dye":10,"minecraft:lapis_block":11,"minecraft:glow_item_frame":1,"minecraft:scaffolding":201,"minecraft:light_blue_banner":8,"minecraft:light_blue_dye":1,"minecraft:birch_stairs":1,"minecraft:spruce_log":28,"minecraft:water_bucket":69,"minecraft:slime_block":110,"minecraft:soul_sand":4,"minecraft:repeating_command_block":122,"minecraft:amethyst_cluster":2,"minecraft:red_wool":4,"minecraft:lever":30,"minecraft:oak_button":20,"minecraft:blue_ice":53,"minecraft:white_glazed_terracotta":15,"minecraft:stone_button":44,"minecraft:cobweb":152,"minecraft:gravel":13,"minecraft:debug_stick":68,"minecraft:cake":6,"minecraft:white_wool":447,"minecraft:oak_stairs":48,"minecraft:comparator":20,"minecraft:redstone_lamp":7,"minecraft:snow_block":116,"minecraft:redstone_torch":10,"minecraft:sculk_sensor":1,"minecraft:ender_chest":1,"minecraft:flint_and_steel":11,"minecraft:gold_ore":4,"minecraft:chest":5,"minecraft:enchanting_table":3,"minecraft:sandstone":1175,"minecraft:ender_pearl":1295,"minecraft:heavy_weighted_pressure_plate":4},"minecraft:picked_up":{"minecraft:iron_door":1,"minecraft:stone_pressure_plate":4,"minecraft:stone_button":1,"minecraft:lever":1,"minecraft:verdant_froglight":1,"minecraft:command_block":3,"minecraft:water_bucket":1,"minecraft:lantern":3,"minecraft:brown_carpet":1,"minecraft:oak_door":2,"minecraft:sticky_piston":2,"minecraft:chain_command_block":14,"minecraft:scaffolding":2,"minecraft:weeping_vines":1,"minecraft:light_blue_candle":3,"minecraft:oak_pressure_plate":2,"minecraft:totem_of_undying":4,"minecraft:redstone_torch":1,"minecraft:painting":5,"minecraft:white_wool":1,"minecraft:oak_planks":2,"minecraft:oak_button":1,"minecraft:cactus":1,"minecraft:written_book":814,"minecraft:oak_sign":4,"minecraft:wind_charge":67943,"minecraft:ender_pearl":1,"minecraft:string":2,"minecraft:repeating_command_block":4,"minecraft:white_carpet":3,"minecraft:ladder":4,"minecraft:sandstone":546},"minecraft:dropped":{"minecraft:totem_of_undying":16,"minecraft:oak_planks":1,"minecraft:chain_command_block":8,"minecraft:white_carpet":1,"minecraft:verdant_froglight":1,"minecraft:water_bucket":1,"minecraft:wind_charge":1411,"minecraft:written_book":35,"minecraft:weeping_vines":1,"minecraft:sticky_piston":2,"minecraft:command_block":2,"minecraft:ender_pearl":1,"minecraft:repeating_command_block":4,"minecraft:ladder":1}},"DataVersion":4325}